Serial Number,OCV (V),R0 (Ohm),R0 Charge (Ohm),R0 Discharge (Ohm),DCIR (Ohm),DCIR Charge (Ohm),DCIR Discharge (Ohm)
1,3.451925,0.0266975607407407,0.014221927407407353,0.03917319407407405,0.03430650000000002,0.0126170000000001,0.055995999999999935
2,3.452951,0.0264115118518522,0.01425209925925941,0.03857092444444499,0.03376549999999989,0.012207999999999775,0.05532300000000001
3,3.452583,0.026312806666666244,0.014254367407406932,0.03837124592592556,0.03326849999999992,0.012093999999999827,0.05444300000000002
4,3.452779,0.026600857777777875,0.01445220000000047,0.03874951555555528,0.033896499999999774,0.012430999999999859,0.05536199999999969
5,3.452546,0.02654802296296288,0.014240383703703507,0.038855662222222254,0.033859000000000083,0.012382000000000115,0.05533600000000005
6,3.452484,0.02668144148148177,0.01457619851851888,0.03878668444444466,0.03398250000000003,0.012442000000000064,0.05552299999999999
7,3.452478,0.026204727407407535,0.014283789629629506,0.038125665185185564,0.033519500000000146,0.012173999999999907,0.054865000000000386
8,3.452284,0.02668976592592598,0.014635595555555714,0.038743936296296244,0.03419700000000003,0.012576999999999838,0.05581700000000023
9,3.45242,0.026649566666666624,0.014533065185184935,0.038766068148148314,0.03406499999999979,0.012478999999999907,0.05565099999999967
10,3.452846,0.026314380740740884,0.014378551111111637,0.03825021037037013,0.03352199999999983,0.012112999999999818,0.05493099999999984
11,3.449408,0.026605979259259005,0.014376325925925304,0.038835632592592706,0.03324949999999993,0.012121000000000048,0.054377999999999815
12,3.452962,0.02642438962963012,0.014274388148148631,0.038574391111111606,0.03343749999999979,0.012061999999999795,0.05481299999999978
13,3.452278,0.026762248888888784,0.014548124444444088,0.03897637333333348,0.03394549999999996,0.012427999999999884,0.05546300000000004
14,3.452768,0.02664926000000012,0.014487511111111129,0.03881100888888911,0.03361249999999982,0.012312999999999796,0.05491199999999985
15,3.452529,0.026758880000000262,0.014499675555555758,0.03901808444444477,0.033949999999999925,0.01246400000000003,0.05543599999999982
16,3.452588,0.026309317777778007,0.014367702222222167,0.03825093333333385,0.0335755000000002,0.012290000000000134,0.05486100000000027
17,3.452652,0.026844037777777663,0.01419316740740717,0.039494908148148156,0.03381400000000001,0.01238399999999995,0.05524400000000007
18,3.452634,0.02628953333333306,0.014161503703703282,0.03841756296296284,0.03342199999999984,0.01221199999999989,0.05463199999999979
19,3.452718,0.02679240074074052,0.014615875555555213,0.038968925925925824,0.03396250000000012,0.01244600000000018,0.055479000000000056
20,3.452752,0.02634855703703698,0.01431563555555515,0.03838147851851881,0.03322700000000012,0.012179000000000162,0.05427500000000007
21,3.452875,0.02654996814814825,0.014550548148148046,0.038549388148148456,0.03356550000000014,0.012212000000000334,0.05491899999999994
22,3.452744,0.026598678518518604,0.014602164444444732,0.038595192592592475,0.03362299999999996,0.012360999999999844,0.05488500000000007
23,3.452216,0.026826475555555396,0.014701282962962914,0.03895166814814788,0.03404699999999994,0.012577999999999978,0.0555159999999999
24,3.452343,0.026496253333333497,0.014540425185185057,0.03845208148148194,0.03358400000000006,0.012341000000000157,0.05482699999999996
25,3.452511,0.026407400740740883,0.01452683259259313,0.038287968888888635,0.03344550000000002,0.012242000000000086,0.05464899999999995
26,3.452272,0.026657885925925884,0.014650982222221831,0.038664789629629936,0.03388850000000021,0.01253100000000007,0.05524600000000035
27,3.452383,0.02673043407407394,0.014661071111111035,0.03879979703703684,0.03379549999999987,0.012433999999999834,0.0551569999999999
28,3.452617,0.026880451851851728,0.014673013333332818,0.03908789037037064,0.0338750000000001,0.012497000000000202,0.055253
29,3.452344,0.026546962962963105,0.014499527407407786,0.038594398518518425,0.03376249999999992,0.012360999999999844,0.05516399999999999
30,3.452671,0.026506887407407476,0.014373825185185485,0.038639949629629466,0.03311649999999999,0.012125999999999859,0.05410700000000013
31,3.452524,0.02621736666666674,0.01421270666666663,0.03822202666666685,0.033202000000000176,0.011992000000000225,0.05441200000000013
32,3.452449,0.026115562962963246,0.014212823703704025,0.038018302222222466,0.03301899999999991,0.011959999999999749,0.05407800000000007
33,3.452485,0.02671613111111082,0.014658599999999744,0.038773662222221894,0.033706500000000084,0.01236499999999996,0.05504800000000021
34,3.452575,0.026666255555555685,0.014637515555555591,0.03869499555555578,0.03362300000000018,0.012297000000000224,0.05494900000000014
35,3.452319,0.026441045185185308,0.014356536296296518,0.0385255540740741,0.03347599999999984,0.012318000000000051,0.05463399999999963
36,3.452113,0.02691124444444437,0.014622853333333019,0.03919963555555572,0.033810499999999966,0.01252399999999998,0.05509699999999995
37,3.452523,0.026545045925925992,0.014406438518518527,0.038683653333333456,0.033505999999999814,0.012262999999999913,0.054748999999999715
38,3.452297,0.026641970370370194,0.014535518518518309,0.03874842222222208,0.03363700000000014,0.012388000000000066,0.05488600000000021
39,3.45109,0.02679723777777765,0.014373371851851946,0.03922110370370335,0.0337885,0.012709999999999777,0.05486700000000022
40,3.452368,0.026447999999999805,0.014321112592592389,0.03857488740740722,0.03323350000000014,0.012211000000000194,0.05425600000000008
41,3.452576,0.026812307407407143,0.014702675555555267,0.03892193925925902,0.03360850000000015,0.012288999999999994,0.05492800000000031
42,3.448807,0.026519375555555502,0.01436030814814826,0.038678442962962745,0.03262599999999982,0.012073999999999696,0.05317799999999995
43,3.451842,0.02667803999999996,0.014480072592592208,0.03887600740740771,0.03368349999999998,0.012429000000000023,0.05493799999999993
44,3.452269,0.026271860000000036,0.014048877037037055,0.038494842962963016,0.033102500000000035,0.012053000000000313,0.054151999999999756
45,3.452453,0.026608545185185406,0.014296786666666783,0.03892030370370403,0.03340450000000006,0.01229799999999992,0.0545110000000002
46,3.452383,0.025714481481481366,0.013771037037037193,0.03765792592592554,0.03244950000000002,0.0118339999999999,0.05306500000000014
47,3.45229,0.026152629629629276,0.01423385037037006,0.03807140888888849,0.032987999999999795,0.01213199999999981,0.05384399999999978
48,3.452547,0.026722511111111347,0.014314102222222402,0.03913092000000029,0.033599500000000004,0.012342999999999993,0.054856000000000016
49,3.452412,0.026461453333333385,0.014385204444444355,0.038537702222222414,0.0332174999999999,0.012166999999999817,0.05426799999999998
50,3.452389,0.026696976296296526,0.014575622222222417,0.038818330370370635,0.03345749999999992,0.012360000000000149,0.05455499999999969
51,3.452411,0.026623739259259205,0.014490071111111114,0.038757407407407296,0.03332700000000033,0.012219000000000424,0.05443500000000023
52,3.452176,0.026691651851851628,0.014467137777777417,0.03891616592592584,0.033441000000000054,0.012256999999999962,0.054625000000000146
53,3.452144,0.02651739777777795,0.014455715555555582,0.03857908000000032,0.033242500000000064,0.012252999999999847,0.05423200000000028
54,3.452293,0.02635846962962951,0.014358845925925845,0.038358093333333176,0.033089499999999994,0.012167999999999957,0.05401100000000003
55,3.452496,0.026370348888888895,0.014346943703703374,0.038393754074074415,0.033108499999999985,0.012105000000000032,0.05411199999999994
56,3.44832,0.026583682222222516,0.014482576296296568,0.03868478814814846,0.033393000000000006,0.012322999999999862,0.05446300000000015
57,3.452246,0.02623092222222234,0.014329171851851896,0.03813267259259279,0.03298850000000031,0.012132000000000254,0.053845000000000365
58,3.452251,0.026320903703704213,0.014421920000000643,0.03821988740740778,0.03306349999999991,0.012126999999999999,0.053999999999999826
59,3.452439,0.026190139259259393,0.014269106666666698,0.03811117185185209,0.033023000000000025,0.01207400000000014,0.05397199999999991
60,3.452405,0.02627132666666676,0.01438173925925934,0.03816091407407418,0.03303949999999989,0.012115999999999794,0.05396299999999998
61,3.452648,0.026218602222222165,0.014198860740740393,0.038238343703703936,0.032591999999999954,0.011905000000000054,0.053278999999999854
62,3.45199,0.026575605925925894,0.01443118962962986,0.03872002222222193,0.03329199999999988,0.012248999999999732,0.05433500000000002
63,3.452633,0.026302390370370077,0.014264401481481226,0.03834037925925893,0.032979000000000314,0.01214200000000032,0.05381600000000031
64,3.452406,0.026425880000000124,0.014449934814815268,0.03840182518518498,0.03306299999999984,0.012146999999999686,0.053979
65,3.452364,0.026193564444444428,0.014242306666666593,0.03814482222222226,0.0328520000000001,0.012048000000000059,0.05365600000000015
66,3.45233,0.026235135555555233,0.014283819259258923,0.038186451851851544,0.03286049999999996,0.01213799999999976,0.05358300000000016
67,3.452613,0.0264257888888888,0.01440773333333345,0.03844384444444415,0.03305450000000021,0.012177000000000326,0.05393200000000009
68,3.452423,0.026832128148147838,0.014690820740740573,0.0389734355555551,0.033538999999999985,0.012423000000000073,0.0546549999999999
69,3.452491,0.026651051851851904,0.014578472592592817,0.03872363111111099,0.03330549999999999,0.012332000000000232,0.054278999999999744
70,3.452024,0.026643882222222137,0.01456041185185164,0.038727352592592634,0.03346900000000019,0.012401000000000106,0.05453700000000028
71,3.455258,0.026422182962962948,0.014141540740741032,0.038702825185184864,0.032564999999999955,0.011391000000000151,0.05373899999999976
72,3.452352,0.026322136296296428,0.014188250370370525,0.03845602222222233,0.03269350000000015,0.011985000000000134,0.05340200000000017
73,3.452498,0.026208219259259202,0.014167653333333252,0.03824878518518515,0.03284700000000007,0.012021999999999977,0.053672000000000164
74,3.45238,0.02649279259259285,0.014331536296296576,0.038654048888889125,0.03317849999999978,0.01223099999999988,0.054125999999999674
75,3.452556,0.02629953629629611,0.014254773333333137,0.038344299259259085,0.03305399999999992,0.012197000000000013,0.05391099999999982
76,3.452352,0.026405831111111056,0.01439611999999979,0.03841554222222232,0.03301900000000013,0.012124000000000024,0.05391400000000024
77,3.452185,0.026533519999999866,0.014438811851851696,0.038628228148148036,0.033201500000000106,0.0123000000000002,0.05410300000000001
78,3.452481,0.02646960888888894,0.014375044444444374,0.03856417333333351,0.033017000000000074,0.012156000000000056,0.05387800000000009
79,3.452755,0.02656533407407413,0.01454505333333378,0.038585614814814484,0.033127999999999824,0.01222399999999979,0.05403199999999986
80,3.452507,0.026575949629629614,0.014484693333333354,0.038667205925925874,0.03314550000000005,0.01221400000000017,0.05407699999999993
81,3.4528,0.026659724444444644,0.014602139259259683,0.038717309629629604,0.033023000000000025,0.012020000000000142,0.05402599999999991
82,3.452699,0.026622340740740658,0.014531822222222157,0.03871285925925916,0.03311149999999996,0.01214499999999985,0.05407800000000007
83,3.452534,0.02676696074074081,0.014480986666666418,0.0390529348148152,0.03329699999999991,0.012205000000000243,0.05438899999999958
84,3.452314,0.02651913259259242,0.01444195259259251,0.03859631259259233,0.03313149999999987,0.012202999999999964,0.054059999999999775
85,3.452428,0.026188740740741068,0.014249285925926447,0.03812819555555569,0.03278249999999994,0.012023000000000117,0.053541999999999756
86,3.452315,0.02638880074074068,0.014442485925926007,0.038335115555555355,0.03303900000000004,0.012188999999999783,0.0538890000000003
87,3.452296,0.026477357037037352,0.01459080148148173,0.038363912592592975,0.0330735000000002,0.012192000000000203,0.0539550000000002
88,3.452384,0.026212819259259224,0.01442887703703688,0.03799676148148157,0.032855999999999996,0.01205299999999987,0.05365900000000012
89,3.452375,0.026258309629629606,0.014423448888889023,0.03809317037037019,0.03273199999999998,0.011954999999999938,0.05350900000000003
90,3.45237,0.026663548888888666,0.014715591111110982,0.03861150666666635,0.03320350000000016,0.012237000000000275,0.05417000000000005
91,3.452676,0.026151011851851536,0.014380999999999755,0.037921023703703316,0.032467000000000024,0.0117560000000001,0.05317799999999995
92,3.452713,0.026256262222222215,0.014437914074073799,0.03807461037037063,0.03252200000000016,0.011832000000000065,0.05321200000000026
93,3.452337,0.025988977777777533,0.014218256296295806,0.03775969925925926,0.03244449999999999,0.011862999999999957,0.05302600000000002
94,3.45228,0.026084388148148063,0.01425362666666663,0.037915149629629497,0.032480500000000134,0.011871000000000187,0.05309000000000008
95,3.452382,0.02638291037037055,0.01450346666666702,0.03826235407407408,0.03288750000000018,0.012048000000000059,0.0537270000000003
96,3.452585,0.02632673407407382,0.014492948148147722,0.03816051999999992,0.032850000000000046,0.012039000000000133,0.05366099999999996
97,3.452532,0.026334272592592578,0.014496493333333138,0.03817205185185202,0.03284750000000014,0.012097999999999942,0.05359700000000034
98,3.452634,0.026350400740740465,0.014513905185184584,0.038186896296296347,0.03286600000000006,0.012036000000000158,0.053695999999999966
99,3.452175,0.02598249555555543,0.014269521481481195,0.03769546962962966,0.03252200000000016,0.011960000000000193,0.05308400000000013
100,3.452298,0.026527969629629666,0.014488263703703819,0.038567675555555514,0.033167500000000016,0.01221899999999998,0.05411600000000005
101,3.452573,0.026308163703703924,0.01437338518518505,0.0382429422222228,0.03255049999999993,0.011892000000000014,0.05320899999999984
102,3.452223,0.02637310444444463,0.01436039259259303,0.03838581629629623,0.0327415000000002,0.012027000000000232,0.05345600000000017
103,3.452346,0.02612326370370366,0.014106631111111323,0.038139896296295994,0.032532000000000005,0.011935999999999947,0.053128000000000064
104,3.452026,0.026399440740740632,0.01437448148148146,0.0384243999999998,0.0327955000000002,0.012150000000000105,0.053441000000000294
105,3.452481,0.025859368888888845,0.013965084444444109,0.03775365333333358,0.03219050000000001,0.01174900000000001,0.05263200000000001
106,3.451772,0.026697422962962847,0.014645081481481359,0.038749764444444335,0.0334565,0.012442000000000064,0.054470999999999936
107,3.452116,0.026547080000000056,0.01449131851851826,0.03860284148148185,0.03327250000000004,0.012315000000000076,0.05423
108,3.452404,0.02611544666666621,0.014231536296295921,0.037999357037036496,0.032663499999999956,0.011935999999999947,0.053390999999999966
109,3.452184,0.026571743703703854,0.014497475555555805,0.0386460118518519,0.033338499999999716,0.012330999999999648,0.05434599999999978
110,3.452848,0.026248219999999822,0.014347365925925892,0.03814907407407375,0.032576499999999786,0.01174699999999973,0.05340599999999984
111,3.452773,0.02601460222222185,0.014189651851851615,0.037839552592592085,0.03226299999999993,0.011665999999999954,0.05285999999999991
112,3.45261,0.02617016222222235,0.014274819259259441,0.038065505185185255,0.03253400000000006,0.011894999999999989,0.05317300000000014
113,3.452499,0.026286314074074113,0.01433137777777782,0.038241250370370405,0.03273450000000011,0.011991000000000085,0.05347800000000014
114,3.45231,0.026423207407407112,0.014526127407406886,0.03832028740740734,0.03279350000000014,0.012056999999999984,0.0535300000000003
115,3.452393,0.026546585185184934,0.014591044444444368,0.0385021259259255,0.032977000000000034,0.012173000000000211,0.05378099999999986
116,3.452332,0.026684549629629073,0.014695856296295773,0.03867324296296237,0.033216000000000134,0.012239000000000111,0.05419300000000016
117,3.45264,0.02672009925925911,0.014760001481481488,0.038680197037036734,0.033137000000000194,0.012256000000000267,0.05401800000000012
118,3.452218,0.0264225622222225,0.014430359999999975,0.038414764444445026,0.03285400000000016,0.012040999999999968,0.05366700000000035
119,3.452467,0.02618180296296302,0.014202869629629689,0.03816073629629635,0.03250850000000005,0.011899000000000104,0.053118
120,3.45271,0.025617693333333413,0.013942977777777976,0.03729240888888885,0.03192700000000004,0.011553000000000146,0.05230099999999993
121,3.452472,0.026084347407407726,0.014315309629629791,0.03785338518518566,0.03226949999999995,0.011517,0.0530219999999999
122,3.452217,0.026251435555555425,0.014404385185184942,0.03809848592592591,0.03236449999999991,0.011860999999999677,0.05286800000000014
123,3.452304,0.025991939999999936,0.014084758518518647,0.037899121481481224,0.03230949999999977,0.01183899999999971,0.05277999999999983
124,3.452293,0.026385153333333466,0.014361410370370198,0.038408896296296735,0.03258050000000012,0.011916999999999955,0.05324400000000029
125,3.452322,0.02651407629629632,0.014456349629629717,0.03857180296296292,0.03275300000000003,0.012071000000000165,0.0534349999999999
126,3.452414,0.026644688888889156,0.01455644148148183,0.03873293629629648,0.032969000000000026,0.012153999999999776,0.053784000000000276
127,3.452636,0.026467599999999925,0.014412334814815075,0.038522865185184774,0.03272800000000009,0.011974000000000373,0.05348199999999981
128,3.452302,0.026268154074074346,0.014293558518518878,0.03824274962962981,0.03268899999999997,0.011966000000000143,0.05341199999999979
129,3.452455,0.026252242962963024,0.014285428148148593,0.038219057777777454,0.03268650000000006,0.011894999999999989,0.05347800000000014
130,3.452608,0.026372860740740522,0.014417041481481263,0.03832867999999978,0.032698000000000116,0.011978000000000044,0.05341800000000019
131,3.451997,0.02614819703703719,0.00988268296296324,0.04241371111111114,0.031372500000000025,0.011182999999999943,0.05156200000000011
132,3.451817,0.026476854814814654,0.010700349629629624,0.042253359999999685,0.03204449999999981,0.011630999999999947,0.05245799999999967
133,3.451554,0.0259696822222224,0.010809416296296614,0.04112994814814819,0.03147549999999999,0.011425999999999714,0.051525000000000265
134,3.451785,0.02649969185185186,0.011411842962962826,0.04158754074074089,0.032233999999999874,0.011838000000000015,0.05262999999999973
135,3.451584,0.026487482962963105,0.011695333333333391,0.04127963259259282,0.03224500000000008,0.011811000000000238,0.05267899999999992
136,3.451833,0.02636862666666695,0.011832848888889025,0.040904404444444875,0.0322604999999998,0.01183299999999976,0.052687999999999846
137,3.451485,0.026614155555555685,0.01212819407407384,0.04110011703703753,0.032483999999999735,0.01191299999999984,0.05305499999999963
138,3.452152,0.02630122444444427,0.012162835555555418,0.040439613333333124,0.03199949999999996,0.011667000000000094,0.05233199999999982
139,3.452176,0.02629806962962955,0.012226822222222378,0.04036931703703672,0.031994999999999996,0.011647999999999659,0.05234200000000033
140,3.452484,0.02606863111111113,0.012314240000000254,0.039823022222222004,0.03154999999999997,0.011385999999999896,0.05171400000000004
141,3.45256,0.025627607407407327,0.012056109629629663,0.03919910518518499,0.03088600000000019,0.011042000000000218,0.050730000000000164
142,3.452352,0.02542892222222215,0.012109928888888621,0.03874791555555568,0.030718000000000023,0.011047000000000029,0.05038900000000002
143,3.452348,0.025261088148148314,0.012134026666666742,0.038388149629629886,0.030542999999999987,0.01099300000000003,0.05009299999999994
144,3.452255,0.02570985333333331,0.012334509629629675,0.039085197037036945,0.031267500000000004,0.011302999999999841,0.051232000000000166
145,3.45224,0.025439442222221942,0.01242485629629586,0.03845402814814802,0.030942500000000095,0.011150000000000215,0.050734999999999975
146,3.451645,0.026327664444444343,0.013098202962963157,0.03955712592592553,0.032115499999999964,0.011857000000000006,0.05237399999999992
147,3.452296,0.025870781481481586,0.012943845925926123,0.03879771703703705,0.03159550000000011,0.011473000000000066,0.05171800000000015
148,3.451435,0.026276765925926204,0.01324782814814851,0.0393057037037039,0.03203699999999987,0.011753000000000124,0.05232099999999962
149,3.451436,0.026231965925926026,0.013245171851851811,0.03921876000000024,0.03202000000000016,0.01176300000000019,0.05227700000000013
150,3.451663,0.026353528888888755,0.0133698162962963,0.03933724148148121,0.03210400000000013,0.011824000000000279,0.052383999999999986
151,3.451815,0.02581858000000037,0.013023391111111504,0.03861376888888923,0.031187000000000076,0.011290000000000244,0.05108399999999991
152,3.451561,0.025229813333333517,0.012629439999999992,0.03783018666666704,0.030351000000000017,0.01098700000000008,0.049714999999999954
153,3.451647,0.026084758518518436,0.013357851851851787,0.038811665185185085,0.03159500000000004,0.011636000000000202,0.05155399999999988
154,3.451199,0.026113774074074003,0.013331687407407422,0.038895860740740584,0.03191100000000002,0.011859999999999982,0.051962000000000064
155,3.451405,0.026286276296296096,0.013447017777777681,0.03912553481481451,0.03204649999999987,0.011897999999999964,0.05219499999999977
156,3.451631,0.024758823703703747,0.012552825185184968,0.036964822222222526,0.030518499999999893,0.011106999999999978,0.04992999999999981
157,3.451501,0.025958078518518723,0.013378228148148263,0.038537928888889184,0.031751000000000085,0.011653000000000358,0.05184899999999981
158,3.450652,0.02620455259259269,0.013524872592592718,0.03888423259259266,0.03197200000000011,0.011954000000000242,0.05198999999999998
159,3.451905,0.025616184444444245,0.013360586666666396,0.037871782222222095,0.03107750000000009,0.011286999999999825,0.05086800000000036
160,3.451258,0.026091283703703505,0.01350290814814814,0.03867965925925887,0.0318124999999998,0.011697999999999986,0.05192699999999961
161,3.451612,0.02597905851851845,0.013547235555555481,0.03841088148148142,0.03125349999999982,0.011395999999999962,0.051110999999999684
162,3.45152,0.02618309333333335,0.01378640000000031,0.038579786666666394,0.03154249999999981,0.011592999999999964,0.05149199999999965
163,3.451327,0.02624442814814798,0.013890281481481193,0.03859857481481477,0.03175349999999999,0.011744999999999894,0.051762000000000086
164,3.451303,0.02581014148148153,0.013181571851851981,0.03843871111111108,0.0314295,0.011546000000000056,0.05131299999999994
165,3.450921,0.025984653333333663,0.013436271111111342,0.03853303555555598,0.03166649999999982,0.011715999999999838,0.0516169999999998
166,3.450713,0.026070441481481632,0.013602256296296744,0.03853862666666652,0.031876500000000085,0.011896999999999824,0.051856000000000346
167,3.451218,0.026271452592592448,0.013748748148147971,0.038794157037036925,0.032043500000000114,0.011816000000000049,0.05227100000000018
168,3.451958,0.026179149629629528,0.013867659259259035,0.03849064000000002,0.031730999999999954,0.011641000000000012,0.051820999999999895
169,3.452186,0.02578396518518522,0.013730165925925686,0.037837764444444755,0.031206999999999985,0.01137599999999983,0.05103800000000014
170,3.452017,0.025842086666666653,0.013770817777778,0.037913355555555306,0.0313009999999998,0.011410999999999838,0.051190999999999764
171,3.452433,0.025515402962963174,0.013593801481481371,0.03743700444444498,0.030678500000000053,0.011046000000000333,0.05031099999999977
172,3.452045,0.0258413237037034,0.013818539259258689,0.03786410814814811,0.030953999999999926,0.011277000000000204,0.05063099999999965
173,3.451656,0.026340925925925962,0.014208334814814982,0.03847351703703694,0.03178250000000005,0.011779999999999902,0.05178500000000019
174,3.451201,0.02588548666666668,0.013614543703703852,0.03815642962962951,0.0313810000000001,0.011646999999999963,0.051115000000000244
175,3.45141,0.026266528148148227,0.014071420740740859,0.038461635555555596,0.031934499999999755,0.011880999999999808,0.0519879999999997
176,3.451931,0.02563647925925916,0.013669788148148232,0.03760317037037009,0.031194500000000014,0.01138400000000006,0.05100499999999997
177,3.451319,0.026233688888888773,0.014092639999999435,0.03837473777777811,0.03207700000000013,0.011873000000000022,0.052281000000000244
178,3.451298,0.026116031111110827,0.013956300740740613,0.03827576148148104,0.03179550000000009,0.01176200000000005,0.051829000000000125
179,3.451624,0.025856519259259247,0.013769976296296171,0.037943062222222323,0.03159000000000023,0.011575000000000113,0.051605000000000345
180,3.451535,0.025899166666666806,0.013910124444444616,0.037888208888889,0.031479500000000105,0.011566000000000187,0.05139300000000002
181,3.451761,0.025885308148148267,0.013801349629629645,0.03796926666666689,0.03127799999999992,0.011417000000000233,0.0511389999999996
182,3.451602,0.02636436666666686,0.013942997037037053,0.03878573629629667,0.03165299999999993,0.011715999999999838,0.051590000000000025
183,3.451527,0.02599241259259233,0.013942537777777542,0.038042287407407116,0.031496999999999886,0.011584000000000039,0.051409999999999734
184,3.451414,0.02581461925925943,0.013798306666666704,0.037830931851852156,0.031371499999999886,0.011544999999999916,0.051197999999999855
185,3.45155,0.02638170888888891,0.014278465185185496,0.038484952592592325,0.032242000000000104,0.011966000000000143,0.052518000000000065
186,3.451376,0.02629757333333327,0.014243274074074108,0.03835187259259243,0.03206949999999997,0.011927000000000021,0.052211999999999925
187,3.452207,0.025494345925926032,0.0137714948148151,0.037217197037036964,0.031067500000000026,0.011314999999999742,0.05082000000000031
188,3.451995,0.025897670370370607,0.013972853333333646,0.03782248740740757,0.031444999999999945,0.011512999999999884,0.051377000000000006
189,3.451951,0.025163244444444732,0.013579408888888977,0.03674708000000049,0.030582499999999957,0.011095000000000077,0.05006999999999984
190,3.451192,0.025708648888888685,0.013585308148147845,0.037831989629629525,0.03112349999999986,0.011317999999999717,0.050929
191,3.451729,0.02573769407407389,0.013831238518518418,0.037644149629629364,0.031159999999999854,0.011315999999999882,0.05100399999999983
192,3.45146,0.025975132592592765,0.014031822222222434,0.037918442962963095,0.03128699999999984,0.011451999999999796,0.05112199999999989
193,3.451113,0.026436914814814916,0.01420337037037056,0.03867045925925927,0.03195799999999993,0.011842999999999826,0.052073000000000036
194,3.451565,0.0261756681481482,0.014180934814814972,0.03817040148148143,0.031768999999999936,0.011719999999999953,0.05181799999999992
195,3.451458,0.02641362814814796,0.01433651851851847,0.03849073777777745,0.03211149999999985,0.011921999999999766,0.05230099999999993
196,3.451454,0.02601666592592622,0.014160177777778227,0.03787315407407421,0.03175699999999981,0.011698999999999682,0.051814999999999944
197,3.45181,0.025094851851851896,0.013501281481481886,0.036688422222221906,0.030750500000000125,0.011136000000000035,0.050365000000000215
198,3.451574,0.02631003407407362,0.01430606666666634,0.0383140014814809,0.032129000000000074,0.011935999999999947,0.0523220000000002
199,3.451851,0.026196045925925837,0.014207411851852036,0.03818467999999964,0.03194649999999988,0.01182900000000009,0.052063999999999666
200,3.45164,0.025875931851851997,0.01392625777777834,0.037825605925925654,0.031451499999999966,0.011585000000000178,0.05131799999999975
201,3.452625,0.025569071111111175,0.01373285481481501,0.03740528740740734,0.03091899999999992,0.011149000000000076,0.05068899999999976
202,3.451771,0.024519336296296546,0.013168853333333619,0.03586981925925947,0.029704000000000175,0.010579000000000338,0.04882900000000001
203,3.45232,0.02618848074074065,0.014229693333333238,0.03814726814814806,0.03152250000000012,0.011553000000000146,0.05149200000000009
204,3.451721,0.02590362740740737,0.014110691851851875,0.037696562962962865,0.0315160000000001,0.011608000000000285,0.051423999999999914
205,3.452139,0.02552295407407401,0.013759934814814745,0.03728597333333328,0.031101499999999893,0.01135799999999998,0.05084499999999981
206,3.451888,0.025977591111111087,0.014032948148148261,0.03792223407407391,0.031736999999999904,0.011695000000000011,0.0517789999999998
207,3.452125,0.025556613333333367,0.013758759999999981,0.03735446666666675,0.030980499999999633,0.011304999999999676,0.05065599999999959
208,3.451952,0.025928892592593122,0.01400247259259313,0.037855312592593116,0.031530999999999754,0.011550999999999867,0.05151099999999964
209,3.452269,0.025113540740740792,0.013510657777777713,0.03671642370370387,0.030508499999999827,0.011079999999999757,0.0499369999999999
210,3.452144,0.025691056296296422,0.013860488888889133,0.03752162370370371,0.030966499999999897,0.011293999999999915,0.05063899999999988
211,3.452364,0.025678451851851802,0.013797179259259273,0.03755972444444433,0.03083899999999984,0.011117000000000044,0.050560999999999634
212,3.452156,0.025905942962963113,0.014060642962963055,0.03775124296296317,0.030999,0.011282000000000014,0.05071599999999998
213,3.451936,0.025838188888889002,0.013997619259259242,0.03767875851851876,0.03119800000000006,0.011446999999999985,0.05094900000000013
214,3.451899,0.02585538370370366,0.014000699259259175,0.037710068148148146,0.03140849999999995,0.01152199999999981,0.05129500000000009
215,3.451587,0.026173354074074062,0.014259647407407261,0.03808706074074086,0.031730000000000036,0.01175499999999996,0.05170500000000011
216,3.452074,0.025836504444444408,0.014074454814815063,0.03759855407407375,0.03130250000000001,0.011439999999999895,0.05116500000000013
217,3.451482,0.02635970296296275,0.014392472592592132,0.03832693333333337,0.03202399999999983,0.01184099999999999,0.05220699999999967
218,3.451486,0.026147405185185324,0.014259561481481775,0.03803524888888887,0.03171650000000015,0.011727000000000043,0.05170600000000025
219,3.451564,0.02625922148148141,0.014348017777777944,0.038170425185184875,0.03165100000000032,0.011682000000000414,0.05162000000000022
220,3.451386,0.025849326666666617,0.014120906666666766,0.03757774666666647,0.031208000000000125,0.011460000000000026,0.05095600000000022
221,3.451813,0.02612267333333307,0.014238814814814482,0.038006531851851655,0.031592500000000134,0.01153100000000018,0.05165400000000009
222,3.451544,0.025957280740740885,0.0142483348148148,0.03766622666666697,0.03127600000000008,0.011463000000000001,0.05108900000000016
223,3.45197,0.024725505925925706,0.013412699259259142,0.03603831259259227,0.030079500000000037,0.010886999999999869,0.049272000000000205
224,3.451382,0.026297424444444495,0.014351195555555751,0.03824365333333324,0.03178950000000014,0.011735000000000273,0.051844
225,3.451681,0.02587730888888906,0.014129277037036925,0.0376253407407412,0.03141599999999989,0.0115949999999998,0.05123699999999998
226,3.451542,0.026055954074074128,0.014191005925925815,0.03792090222222244,0.031518500000000005,0.011592999999999964,0.051444000000000045
227,3.452385,0.025300334074074282,0.013706502222222028,0.036894165925926536,0.03058000000000005,0.011121000000000159,0.050038999999999945
228,3.451425,0.026185963703703852,0.014291201481481774,0.03808072592592593,0.031710499999999975,0.011725999999999903,0.051695000000000046
229,3.452396,0.025297884444444474,0.013711835555555663,0.036883933333333285,0.030364000000000058,0.011012000000000022,0.04971600000000009
230,3.451791,0.025143605185185436,0.013648912592592488,0.036638297777778384,0.030249000000000192,0.01090900000000028,0.049589000000000105
231,3.452436,0.025932009629629382,0.014121725925925421,0.03774229333333334,0.031212500000000087,0.011324000000000112,0.05110100000000006
232,3.452126,0.024846755555555378,0.01339313333333303,0.036300377777777726,0.030153999999999792,0.010850999999999722,0.04945699999999986
233,3.452287,0.02580785703703703,0.01410111111111112,0.03751460296296294,0.031054000000000137,0.01129200000000008,0.050816000000000194
234,3.452303,0.026232508148148037,0.014275776296296172,0.0381892399999999,0.031579000000000246,0.011563000000000212,0.05159500000000028
235,3.452252,0.02534301259259264,0.01378770074074076,0.03689832444444452,0.030707499999999888,0.011159999999999837,0.05025499999999994
236,3.452118,0.026285132592592575,0.014354899259259035,0.038215365925926115,0.031716999999999995,0.011657000000000028,0.05177699999999996
237,3.451416,0.025818969629629818,0.014129278518518973,0.03750866074074066,0.03132800000000002,0.011559999999999793,0.05109600000000025
238,3.451631,0.025957632592592095,0.014268511111110715,0.037646754074073474,0.031438499999999925,0.011630000000000251,0.0512469999999996
239,3.451196,0.025968999259259107,0.014201072592592734,0.03773692592592548,0.031345999999999874,0.011546000000000056,0.05114599999999969
240,3.45161,0.025968668888888935,0.014225537777778019,0.03771179999999985,0.03136349999999988,0.011524999999999785,0.05120199999999997
241,3.451776,0.026237392592592723,0.014360192592592913,0.03811459259259253,0.03172100000000011,0.011576000000000253,0.05186599999999997
242,3.45148,0.0257919829629627,0.014095074074073732,0.03748889185185167,0.031127999999999822,0.011404999999999887,0.05085099999999976
243,3.451439,0.026008465185185292,0.014239767407407289,0.037777162962963295,0.03141600000000011,0.011586000000000318,0.0512459999999999
244,3.451395,0.026206825925925825,0.014417445925925865,0.037996205925925786,0.031589999999999785,0.011636999999999897,0.05154299999999967
245,3.451308,0.02591133037037041,0.014162823703703697,0.037659837037037125,0.03140100000000001,0.011544999999999916,0.05125700000000011
246,3.451293,0.0256315177777775,0.014026022222222156,0.03723701333333285,0.03111749999999991,0.011465999999999976,0.05076899999999984
247,3.451918,0.025709025185185475,0.014050281481481797,0.03736776888888915,0.031219500000000178,0.011401000000000217,0.05103800000000014
248,3.451662,0.026180780740740817,0.014431623703703877,0.037929937777777756,0.031777000000000166,0.011753000000000124,0.05180100000000021
249,3.452047,0.026205394074074073,0.014441453333333243,0.0379693348148149,0.03172300000000017,0.011700000000000266,0.05174600000000007
250,3.451648,0.025695368148148212,0.014088749629629582,0.03730198666666684,0.03136250000000018,0.011418000000000372,0.05130699999999999
251,3.452322,0.026155745925925622,0.01435647999999956,0.03795501185185168,0.03178049999999999,0.011499000000000148,0.05206199999999983
252,3.451818,0.0251673733333333,0.013797786666666756,0.03653695999999984,0.030489499999999836,0.010933999999999777,0.050044999999999895
253,3.452443,0.025537245185185187,0.014006303703703704,0.03706818666666667,0.030795500000000198,0.011108000000000118,0.05048300000000028
254,3.452162,0.02572108296296305,0.014043277037037338,0.03739888888888876,0.03097350000000021,0.011236000000000246,0.05071100000000017
255,3.452157,0.025967722222222323,0.014305588148148196,0.03762985629629645,0.031225499999999906,0.011419999999999764,0.05103100000000005
256,3.452204,0.026063632592592256,0.014389976296295792,0.03773728888888872,0.03142200000000028,0.011535000000000295,0.05130900000000027
257,3.451382,0.02580597111111116,0.014180647407407765,0.03743129481481455,0.03126249999999997,0.011486999999999803,0.05103800000000014
258,3.451646,0.025709440740740552,0.014118284444444296,0.03730059703703681,0.031148500000000023,0.011425000000000018,0.05087200000000003
259,3.451449,0.025987844444444574,0.01427937185185213,0.03769631703703702,0.0315430000000001,0.01158899999999985,0.05149700000000035
260,3.451663,0.025069026666666883,0.013702162962963449,0.036435890370370316,0.030629999999999935,0.011093999999999937,0.05016599999999993
261,3.439218,0.026069822962963007,0.010739635555555793,0.04140001037037022,0.03188600000000008,0.010151000000000021,0.05362100000000014
262,3.45153,0.02629220148148126,0.011407229629629256,0.04117717333333326,0.031928999999999874,0.010768999999999807,0.05308899999999994
263,3.452013,0.025523753333333232,0.011223084444444531,0.039824422222221934,0.0313429999999999,0.011426999999999854,0.051258999999999943
264,3.453545,0.026162012592592543,0.011918142222222095,0.04040588296296299,0.0318210000000001,0.011630999999999947,0.05201100000000025
265,3.454093,0.0259701562962964,0.011995426666666642,0.039944885925926155,0.031498500000000096,0.011263000000000023,0.05173400000000017
266,3.453258,0.026210380740740558,0.012281842962962752,0.04013891851851836,0.03212400000000026,0.011658000000000168,0.05259000000000036
267,3.452189,0.026024624444444422,0.012330088888888646,0.0397191600000002,0.03188000000000013,0.011648000000000103,0.05211200000000016
268,3.453605,0.02587023333333338,0.012287838518518335,0.03945262814814843,0.03136300000000003,0.011403000000000052,0.05132300000000001
269,3.453675,0.026048830370370535,0.012534208888888898,0.03956345185185217,0.03176500000000004,0.011494000000000337,0.05203599999999975
270,3.452934,0.0259588066666665,0.012555011851851816,0.039362601481481185,0.03180150000000004,0.011487999999999943,0.05211500000000013
271,3.453109,0.02631361777777763,0.01282616148148108,0.03980107407407418,0.03224199999999988,0.011756999999999795,0.05272699999999997
272,3.45348,0.02613826592592594,0.012810226666666757,0.039466305185185124,0.03190150000000003,0.011534000000000155,0.0522689999999999
273,3.451907,0.025989148888888813,0.012711481481481712,0.039266816296295914,0.03199350000000001,0.011311000000000071,0.052675999999999945
274,3.453447,0.026095049629629496,0.012795663703703664,0.03939443555555533,0.03209849999999981,0.01158999999999999,0.052606999999999626
275,3.453564,0.02583791185185169,0.012747044444444189,0.038928779259259194,0.03179999999999983,0.011417999999999928,0.05218199999999973
276,3.453423,0.026319668888888925,0.01314288148148135,0.0394964562962965,0.03234550000000014,0.011697999999999986,0.05299300000000029
277,3.453757,0.026196705185185687,0.013050463703704107,0.03934294666666727,0.032115499999999964,0.011592999999999964,0.05263799999999996
278,3.453236,0.02627906888888898,0.013169943703704057,0.0393881940740739,0.03260300000000016,0.011774000000000395,0.053431999999999924
279,3.452441,0.026714314074074208,0.013367207407407378,0.04006142074074104,0.033401000000000014,0.012099000000000082,0.054702999999999946
280,3.441024,0.02611700148148155,0.013048453333333487,0.03918554962962961,0.0325415,0.01036999999999999,0.05471300000000001
281,3.452693,0.02761744888888895,0.013469677037036831,0.04176522074074107,0.03728599999999993,0.01344999999999974,0.06112200000000012
282,3.452681,0.027728357777777823,0.013591294814814692,0.041865420740740955,0.03739649999999983,0.01360899999999976,0.061183999999999905
283,3.453011,0.027638244444444737,0.013690370370370797,0.04158611851851868,0.0374334999999999,0.013478999999999797,0.061388
284,3.452549,0.027327370370370474,0.013558137777777812,0.041096602962963136,0.037052000000000085,0.013212000000000224,0.060891999999999946
285,3.453299,0.02805510666666633,0.01404026370370337,0.04206994962962929,0.03798849999999998,0.013758999999999855,0.06221800000000011
286,3.453252,0.027324854074074256,0.013707469629629987,0.040942238518518526,0.03618900000000003,0.013056999999999874,0.05932100000000018
287,3.45319,0.027043077037036678,0.01359944296296245,0.04048671111111091,0.035771499999999845,0.012880000000000003,0.05866299999999969
288,3.452795,0.026803385185185213,0.013456650370370582,0.040150119999999845,0.035684999999999745,0.012737999999999694,0.058631999999999795
289,3.453247,0.027372643703703625,0.013767253333333507,0.040978034074073744,0.03635550000000021,0.013085000000000235,0.05962600000000018
290,3.453228,0.027732902962962935,0.01403364148148123,0.04143216444444464,0.03714799999999996,0.01339900000000016,0.06089699999999976
291,3.453317,0.02697921555555549,0.013499407407407293,0.04045902370370369,0.03542050000000008,0.01276300000000008,0.058078000000000074
292,3.45344,0.02727845407407381,0.013866604444443986,0.040690303703703634,0.03606050000000005,0.013017000000000056,0.059104000000000045
293,3.453461,0.02689166370370355,0.013447020740740445,0.040336306666666655,0.03554449999999987,0.012751999999999875,0.05833699999999986
294,3.453415,0.026767394074074025,0.01350332740740745,0.0400314607407406,0.03546450000000001,0.012678999999999885,0.058250000000000135
295,3.453366,0.02721539999999978,0.013725902222222253,0.040704897777777305,0.036143999999999954,0.012964999999999893,0.059323000000000015
296,3.453223,0.027183731111110943,0.013737111111110867,0.04063035111111102,0.035919500000000104,0.012912000000000035,0.058927000000000174
297,3.452953,0.0276757503703704,0.014028608888888794,0.041322891851852006,0.03657099999999991,0.013229999999999631,0.05991200000000019
298,3.45294,0.027455254814815033,0.013842542222222587,0.04106796740740748,0.036247499999999766,0.013123999999999914,0.05937099999999962
299,3.453626,0.027382404444444397,0.013807480000000094,0.0409573288888887,0.03615199999999996,0.01299899999999976,0.05930500000000016
300,3.453501,0.027529722962963188,0.013927562962963158,0.04113188296296322,0.036520499999999956,0.01315099999999969,0.05989000000000022
301,3.446788,0.027444385925925685,0.01064844888888894,0.04424032296296243,0.03524499999999997,0.012830000000000119,0.05765999999999982
302,3.447498,0.02716892518518499,0.011185903703703204,0.043151946666666774,0.035270000000000135,0.012814000000000103,0.057726000000000166
303,3.447831,0.028103104444444194,0.012082893333333455,0.04412331555555493,0.03672950000000008,0.013546999999999976,0.05991200000000019
304,3.447415,0.027717436296296194,0.011902551111111048,0.04353232148148134,0.036575000000000024,0.013475000000000126,0.05967499999999992
305,3.448004,0.026761951851851595,0.01152471999999971,0.04199918370370348,0.03549900000000017,0.012866000000000266,0.05813200000000007
306,3.447333,0.027785533333333223,0.012365995555555287,0.04320507111111116,0.036967000000000194,0.013650000000000162,0.060284000000000226
307,3.447029,0.027925951111110958,0.012539102222222098,0.04331279999999982,0.03686100000000003,0.013670999999999989,0.06005100000000008
308,3.447156,0.027654751851851733,0.012448567407407296,0.04286093629629617,0.03615600000000008,0.013398000000000021,0.05891400000000013
309,3.447575,0.02770185037037054,0.012475000000000236,0.042928700740740844,0.03648650000000009,0.013614000000000015,0.05935900000000016
310,3.446657,0.02711682370370405,0.012297269629629959,0.041936377777778144,0.03551800000000016,0.013009999999999966,0.058026000000000355
311,3.446407,0.026545946666666653,0.012005718518518282,0.041086174814815024,0.03519199999999989,0.012782000000000071,0.05760199999999971
312,3.447832,0.027847001481481337,0.012881602962962813,0.04281239999999986,0.03694300000000017,0.01379100000000033,0.06009500000000001
313,3.447544,0.027114901481481768,0.012560709629629851,0.041669093333333684,0.03642100000000004,0.01338700000000026,0.059454999999999814
314,3.447609,0.02793401259259287,0.01319886666666692,0.042669158518518824,0.037085500000000104,0.013917999999999875,0.060253000000000334
315,3.447214,0.026619234074074294,0.012398908148148369,0.04083956000000022,0.035533499999999885,0.012820000000000054,0.058246999999999716
316,3.446195,0.02677701555555556,0.012571042962962853,0.04098298814814827,0.03495000000000004,0.012802000000000202,0.05709799999999987
317,3.44808,0.02740344074074086,0.01307099851851845,0.04173588296296327,0.03583749999999997,0.01313799999999965,0.05853700000000028
318,3.447431,0.02741205481481468,0.013150688888888595,0.04167342074074076,0.03635749999999982,0.013421999999999823,0.05929299999999982
319,3.447582,0.028107490370370414,0.01368324740740734,0.04253173333333349,0.03712049999999989,0.013993000000000144,0.060247999999999635
320,3.447515,0.027138233333333206,0.012762725925925533,0.04151374074074088,0.035618999999999845,0.013101999999999947,0.05813599999999974
321,3.44692,0.027164888148148103,0.012997974814814572,0.041331801481481634,0.035760500000000084,0.013088999999999906,0.05843200000000026
322,3.447093,0.028127626666666572,0.013663797037036574,0.04259145629629657,0.03699549999999996,0.013707000000000136,0.06028399999999978
323,3.447422,0.02738962814814805,0.013421136296296154,0.04135811999999994,0.03620650000000003,0.013317999999999941,0.05909500000000012
324,3.447737,0.027053465185185255,0.013337933333333218,0.04076899703703729,0.035460999999999965,0.012917999999999985,0.058003999999999944
325,3.448123,0.02730851185185168,0.013368662222222216,0.041248361481481144,0.03533150000000007,0.013052000000000064,0.05761100000000008
326,3.447547,0.026606203703703812,0.012892642962963219,0.040319764444444406,0.03473299999999968,0.012616999999999656,0.056848999999999705
327,3.447379,0.027122726666666708,0.013465568888888946,0.04077988444444447,0.03580150000000004,0.013217000000000034,0.05838600000000005
328,3.447673,0.0269890251851852,0.013326586666666529,0.04065146370370387,0.035557999999999756,0.013253999999999877,0.057861999999999636
329,3.447901,0.027024999999999633,0.01337587259259232,0.040674127407406946,0.03575000000000017,0.013130000000000308,0.05837000000000003
330,3.447282,0.027864665925925847,0.013834819259259223,0.04189451259259247,0.036894000000000204,0.01377200000000034,0.06001600000000007
331,3.447909,0.026847539259259312,0.013364816296296489,0.040330262222222135,0.035326499999999816,0.013118999999999659,0.057533999999999974
332,3.44675,0.02662069407407386,0.013353259259258898,0.03988812888888882,0.03449550000000001,0.012599999999999945,0.05639100000000008
333,3.44769,0.02727017851851854,0.013804174814814996,0.040736182222222084,0.035501500000000075,0.013143000000000349,0.0578599999999998
334,3.447715,0.026653136296296287,0.013445958518518708,0.039860314074073866,0.03443699999999983,0.012814999999999799,0.05605899999999986
335,3.447561,0.027907374074074287,0.014178823703703713,0.04163592444444486,0.03646949999999971,0.013662999999999759,0.05927599999999966
336,3.448427,0.027157994814814845,0.013720182222222377,0.040595807407407314,0.035575000000000134,0.013180000000000192,0.05797000000000008
337,3.446973,0.0278301511111112,0.014217362962963165,0.04144293925925924,0.036872499999999864,0.013792999999999722,0.059952000000000005
338,3.447493,0.027122417037037216,0.013767413333333423,0.04047742074074101,0.03593249999999992,0.013209999999999944,0.0586549999999999
339,3.447637,0.027431550370370594,0.013950078518518705,0.040913022222222484,0.03633200000000003,0.01346399999999992,0.05920000000000014
340,3.447502,0.027673190370370415,0.01409807851851852,0.04124830222222231,0.03630149999999999,0.013560000000000016,0.05904299999999996
341,3.447485,0.027512828148148483,0.014107842962963524,0.04091781333333344,0.03574749999999982,0.013355999999999923,0.05813899999999972
342,3.447078,0.026781818518518685,0.0136558414814818,0.03990779555555557,0.034473999999999894,0.012584999999999624,0.05636300000000016
343,3.447329,0.027761230370370704,0.014290605925926236,0.04123185481481517,0.03670000000000018,0.013681000000000054,0.0597190000000003
344,3.447956,0.027517329629629605,0.014135559999999714,0.0408990992592595,0.03599949999999996,0.013398000000000021,0.0586009999999999
345,3.448137,0.027364641481481655,0.01399984740740745,0.04072943555555586,0.03569200000000006,0.013106000000000062,0.05827800000000005
346,3.448146,0.027209328148147804,0.013939890370370023,0.040478765925925586,0.03586299999999998,0.013249000000000066,0.05847699999999989
347,3.447127,0.027686464444444336,0.014062866666666451,0.04131006222222222,0.036520499999999956,0.013739999999999863,0.05930100000000005
348,3.447344,0.027213480000000123,0.013874081481481948,0.0405528785185183,0.035479999999999956,0.013142000000000209,0.0578179999999997
349,3.447215,0.027437593333333066,0.014001589629629496,0.040873597037036635,0.03554250000000003,0.013237000000000165,0.0578479999999999
350,3.447447,0.02689643407407405,0.013747694814814526,0.04004517333333357,0.034956999999999905,0.012809999999999988,0.05710399999999982
351,3.447167,0.02709147925925892,0.013877954074073884,0.04030500444444396,0.035071500000000144,0.012890000000000068,0.05725300000000022
352,3.447254,0.02766963629629604,0.014300168888888631,0.04103910370370345,0.03611199999999992,0.013466999999999896,0.05875699999999995
353,3.446938,0.02711798666666665,0.013952005925925715,0.040283967407407584,0.03507300000000013,0.012971000000000288,0.057174999999999976
354,3.44692,0.02702518962962963,0.014015506666666955,0.04003487259259231,0.03502749999999999,0.012917999999999985,0.05713699999999999
355,3.447836,0.027180377037036907,0.014111853333333091,0.04024890074074072,0.035361500000000046,0.013206999999999969,0.05751600000000012
356,3.447384,0.025569062222222216,0.013082013333333364,0.03805611111111107,0.03338799999999997,0.012185000000000112,0.054590999999999834
357,3.44743,0.027652977037037063,0.01438723703703726,0.04091871703703687,0.0353125000000003,0.01306900000000022,0.057556000000000385
358,3.447763,0.02642536740740753,0.013692527407407784,0.039158207407407275,0.0340069999999999,0.012539999999999996,0.0554739999999998
359,3.44728,0.027405331111111098,0.014340386666666483,0.04047027555555571,0.03522499999999984,0.013154999999999806,0.057294999999999874
360,3.447911,0.026036047407407503,0.013528965925925895,0.03854312888888911,0.03365299999999993,0.012401999999999802,0.054904000000000064
361,3.447629,0.026577785185185165,0.013837331851851875,0.039318238518518456,0.03425400000000001,0.01276199999999994,0.05574600000000007
362,3.446951,0.027646186666666628,0.01448396888888892,0.040808404444444335,0.035554000000000086,0.013336999999999932,0.05777100000000024
363,3.447498,0.027594372592592675,0.014505546666666813,0.04068319851851854,0.035459999999999825,0.013329999999999842,0.05758999999999981
364,3.447902,0.026846799259259146,0.014058722962962733,0.03963487555555556,0.03425350000000016,0.01269100000000023,0.05581600000000009
365,3.447141,0.02711166518518482,0.014163079999999884,0.040060250370369754,0.034559499999999854,0.012865999999999822,0.056252999999999886
